relation,count,percentage
时间先后 / Temporal,2117,43.676500928409325
因果 / Causal,867,17.887353001856816
并列递进 / Expansion,746,15.390963482566535
解释说明 / Elaboration,294,6.065607592325149
无明显关系 / None,281,5.797400453889003
转折对比 / Contrast,191,3.9405818031772233
条件 / Conditional,150,3.0946977511863007
总结 / Summary,91,1.8774499690530224
举例 / Example,64,1.3204043738394884
无法判断 / Undetermined,46,0.9490406436971321
