metric,mean,std,median
Dishu Intra-sim,0.76967144,0.103627436,0.79043955
Baihua Intra-sim,0.78603756,0.10444337,0.80221874
Cross-sim,0.7628944,0.09479104,0.78400856
