avg_sentence_length,std_sentence_length,avg_punct_ratio,std_punct_ratio
43.01644767936478,38.705682954901704,0.08846927441752205,0.017913387769389284
